<?xml version="1.0" encoding="UTF-8" standalone="yes"?>
<eventposdef>
		<event name="AmbientFox" />
		<event name="AmbientHare" />
		<event name="AnimalBear" />
		<event name="AnimalGoat" />
		<event name="AnimalReindeer" />
		<event name="AnimalSheep" />
		<event name="AnimalWolf" />
		<event name="InfectedArmy" />
		<event name="InfectedCity" />
		<event name="InfectedCityTier1" />
		<event name="InfectedFirefighter" />
		<event name="InfectedIndustrial" />
		<event name="InfectedMedic" />
		<event name="InfectedNBC" />
		<event name="InfectedPolice" />
		<event name="InfectedPoliceHard" />
		<event name="InfectedPrisoner" />
		<event name="InfectedReligious" />
		<event name="InfectedSanta" />
		<event name="InfectedScientist" />
		<event name="InfectedSolitude" />
		<event name="InfectedVillage" />
		<event name="InfectedVillageTier1" />
		<event name="ItemPlanks">
				<pos x="4901.676270" z="11312.855469" />
				<pos x="5282.824219" z="11173.461914" />
				<pos x="5483.829590" z="11945.456055" />
				<pos x="5563.150391" z="10892.817383" />
				<pos x="7232.228516" z="12378.194336" />
				<pos x="7262.119629" z="12384.204102" />
				<pos x="7885.090820" z="10687.940430" />
				<pos x="8030.953125" z="9636.292969" />
				<pos x="8061.488281" z="9624.805664" />
				<pos x="8258.541016" z="12954.061523" />
				<pos x="8444.067383" z="10226.921875" />
				<pos x="8935.296875" z="13760.132813" />
				<pos x="9295.452148" z="13706.895508" />
				<pos x="9475.458984" z="10862.499023" />
				<pos x="9659.557617" z="10000.300781" />
				<pos x="9872.855469" z="6410.283691" />
				<pos x="9948.173828" z="13530.944336" />
				<pos x="11076.235352" z="9521.675781" />
				<pos x="11151.085938" z="9483.057617" />
				<pos x="12916.078125" z="7392.501953" />
				<pos x="13420.446289" z="12184.780273" />
				<pos x="13625.576172" z="11846.232422" />
				<pos x="13900.236328" z="11814.033203" />
		</event>
		<event name="Loot" />	
		<event name="StaticBoatFishing">
				<pos x="1107.817993" z="7084.618652" y="0.0" a="0" />
				<pos x="3758.248291" z="9773.401367" y="0.0" a="0" />
				<pos x="4386.133301" z="4457.440430" y="0.0" a="0" />
				<pos x="4591.514648" z="7441.497070" y="0.0" a="0" />
				<pos x="3247.904785" z="8830.787109" y="0.0" a="90" />
				<pos x="4586.84" z="9371.14" y="0.0" a="0" />
				<pos x="3643.885986" z="7995.514160" y="0.0" a="-30" />	
				<pos x="4724.632813" z="6974.362305" y="0.0" a="0" />
				<pos x="5510.407715" z="10632.590820" y="0.0" a="0" />		
				<pos x="5617.842773" z="5240.724609" y="0.0" a="0" />
				<pos x="5699.816895" z="6288.820313" y="0.0" a="0" />
				<pos x="6606.200195" z="5936.686523" y="0.0" a="0" />
				<pos x="8395.438477" z="4757.920898" y="0.0" a="0" />
				<pos x="8902.311523" z="14716.055664" y="0.0" a="0" /> 
				<pos x="10690.632813" z="13814.601563" y="0.0" a="0" />
				<pos x="12732.146484" z="13520.310547" y="0.0" a="0" />
				<pos x="13683.442383" z="12839.757813" y="0.0" a="0" />
				<pos x="5772.219238" z="3131.082520" y="0.0" a="45" />
				<pos x="7401.157227" z="4505.912598" y="0.0" a="150" />	
				<pos x="13105.271484" z="13399.987305" y="0.0" a="105" />
				<pos x="9757.690430" z="6287.349609" y="0.0" a="15" />	
				<pos x="10785.086914" z="14388.880859" y="0.0" a="-80" />
				<pos x="12278.23641" z="5168.033691" y="0.0" a="-55" />	
				<pos x="12965.4" z="5805.71" y="0.0" a="255" />
				<pos x="13186.6" z="7257.99" y="0.0" a="-85" />	
				<pos x="6351.39" z="13183.5" y="0.0" a="15" />					
				<pos x="7351.9" z="14657.7" y="0.0" a="210" />
				<pos x="7591.83" z="13910.4" y="0.0" a="215" />
				<pos x="8848.74" z="5592.37" y="0.0" a="-20" />
				<pos x="12588.9" z="6364.53" y="0.0" a="180" />
		</event>
		<event name="StaticBoatMilitary">
				<pos x="789.090637" z="7821.837402" y="4.0" a="0.0" />
				<pos x="1068.444946" z="8093.089355" y="4.0" a="0.0" />
				<pos x="1387.339966" z="8537.659180" y="4.0" a="0.0" />
				<pos x="2259.860352" z="8848.250977" y="4.0" a="0.0" />
				<pos x="2312.995850" z="5569.298340" y="4.0" a="0.0" />
				<pos x="2586.170654" z="5523.980469" y="4.0" a="0.0" />
				<pos x="2888.229004" z="7638.396484" y="4.0" a="0.0" />
				<pos x="3057.928223" z="5387.543945" y="4.0" a="0.0" />
				<pos x="3342.096191" z="7173.406738" y="4.0" a="0.0" />
				<pos x="3386.958008" z="5355.110352" y="4.0" a="0.0" />
				<pos x="3504.684570" z="7026.288086" y="4.0" a="0.0" />
				<pos x="3661.875977" z="5321.283691" y="4.0" a="0.0" />
				<pos x="3715.752441" z="9882.513672" y="4.0" a="0.0" />
				<pos x="3911.967529" z="9295.664063" y="4.0" a="0.0" />
				<pos x="4005.091797" z="8817.911133" y="4.0" a="0.0" />
				<pos x="4393.602539" z="9037.343750" y="4.0" a="0.0" />
				<pos x="4742.445801" z="3803.494385" y="4.0" a="0.0" />
				<pos x="5307.290039" z="10273.605469" y="4.0" a="0.0" />
				<pos x="5339.959961" z="10411.002930" y="4.0" a="0.0" />
				<pos x="5408.804688" z="3154.970459" y="4.0" a="0.0" />
				<pos x="5528.581543" z="10467.575195" y="4.0" a="0.0" />
				<pos x="5747.821289" z="3868.019775" y="4.0" a="0.0" />
				<pos x="6126.218262" z="12961.041016" y="4.0" a="0.0" />
				<pos x="6301.247559" z="13029.878906" y="4.0" a="0.0" />
				<pos x="6936.753906" z="6771.000488" y="4.0" a="0.0" />
				<pos x="8629.562500" z="4716.822754" y="4.0" a="0.0" />
				<pos x="8811.039063" z="6202.754395" y="4.0" a="0.0" />
				<pos x="9323.918945" z="13900.589844" y="4.0" a="0.0" />
				<pos x="9400.637695" z="13710.909180" y="4.0" a="0.0" />
				<pos x="9670.904297" z="13712.784180" y="4.0" a="0.0" />
				<pos x="12264.226563" z="13128.953125" y="4.0" a="0.0" />
				<pos x="13032.486328" z="7195.114746" y="4.0" a="0.0" />
				<pos x="13143.454102" z="7189.993164" y="4.0" a="0.0" />
				<pos x="13745.246094" z="12095.002930" y="4.0" a="0.0" />
				<pos x="13808.990234" z="12672.184570" y="4.0" a="0.0" />
		</event>
		<event name="StaticContainerLocked">
				<pos x="635.577393" z="11387.821289" a="10.000000" />
				<pos x="663.124146" z="11270.853516" a="20.000000" />
				<pos x="733.557007" z="11115.645508" a="30.000000" />
				<pos x="743.494507" z="11669.794922" a="20.000000" />
				<pos x="779.933044" z="2956.909912" a="40.000000" />
				<pos x="833.902832" z="11620.351563" a="60.000000" />
				<pos x="874.379517" z="11533.906250" a="30.000000" />
				<pos x="949.750793" z="11415.518555" a="60.000000" />
				<pos x="1019.096252" z="11111.256836" a="90.000000" />
				<pos x="1142.547119" z="519.295654" a="40.000000" />
				<pos x="1242.505493" z="642.524231" a="80.000000" />
				<pos x="1341.416382" z="495.280487" a="120.000000" />
				<pos x="1345.440674" z="976.978821" a="50.000000" />
				<pos x="1451.139648" z="2849.270752" a="100.000000" />
				<pos x="1481.990112" z="661.863464" a="150.000000" />
				<pos x="1586.131348" z="3817.084717" a="60.000000" />
				<pos x="1591.252930" z="3160.782959" a="120.000000" />
				<pos x="1624.783203" z="3238.275879" a="180.000000" />
				<pos x="1673.040283" z="3549.385742" a="70.000000" />
				<pos x="1849.633545" z="672.084473" a="140.000000" />
				<pos x="2014.586304" z="738.472046" />
				<pos x="2237.668457" z="1625.340820" a="210.000000" />
				<pos x="2306.990479" z="1662.684937" a="80.000000" />
				<pos x="2328.233154" z="1821.197998" />
				<pos x="3283.470703" z="1905.801147" a="240.000000" />
				<pos x="3470.956543" z="1930.875122" a="90.000000" />
				<pos x="3706.993408" z="14443.376953" a="180.000000" />
				<pos x="4054.467285" z="11097.851563" a="270.000000" />
				<pos x="4119.480469" z="11125.895508" a="100.000000" />
				<pos x="4191.104492" z="11188.952148" a="200.000000" />
				<pos x="4296.704102" z="11214.411133" a="300.000000" />
				<pos x="5311.192383" z="14449.467773" a="220.000000" />
				<pos x="5405.852051" z="1793.305542" a="330.000000" />
				<pos x="5788.477051" z="1827.899536" a="120.000000" />
				<pos x="5894.729492" z="1934.033569" a="240.000000" />
				<pos x="7453.454590" z="14994.516602" a="360.000000" />
				<pos x="7667.135254" z="14970.687500" a="130.000000" />
				<pos x="7979.435547" z="14957.175781" a="260.000000" />
				<pos x="8162.875000" z="1477.729248" a="0.000000" />
				<pos x="8528.127930" z="1545.919434" a="140.000000" />
				<pos x="8797.820313" z="1334.823730" a="280.000000" />
				<pos x="8810.326172" z="1037.830688" a="30.000000" />
				<pos x="8921.440430" z="1047.539185" a="150.000000" />
				<pos x="10268.586914" z="14636.778320" a="300.000000" />
				<pos x="10397.409180" z="14686.232422" a="60.000000" />
				<pos x="10435.755859" z="14669.641602" a="160.000000" />
				<pos x="10696.122070" z="14657.603516" a="320.000000" />
				<pos x="10972.825195" z="14635.816406" a="90.000000" />
				<pos x="11204.728516" z="14605.773438" a="170.000000" />
				<pos x="11276.958008" z="1641.387817" a="340.000000" />
				<pos x="11281.929688" z="14577.532227" a="120.000000" />
				<pos x="11393.311523" z="14531.750977" a="180.000000" />
				<pos x="11416.690430" z="1728.148071" a="360.000000" />
				<pos x="11597.036133" z="14431.859375" a="150.000000" />
				<pos x="11759.985352" z="1542.320801" a="190.000000" />
				<pos x="11784.902344" z="1483.127808" a="20.000000" />
				<pos x="11842.000000" z="1412.410400" a="180.000000" />
				<pos x="11888.401367" z="1344.484619" a="200.000000" />
				<pos x="11931.831055" z="14290.237305" a="40.000000" />
				<pos x="11940.238281" z="1321.129761" a="210.000000" />
				<pos x="12064.012695" z="1335.582642" a="60.000000" />
				<pos x="12155.517578" z="1390.790771" a="240.000000" />
				<pos x="12222.357422" z="1423.051758" a="220.000000" />
				<pos x="12254.990234" z="14387.396484" a="80.000000" />
				<pos x="12329.479492" z="14440.036133" a="270.000000" />
				<pos x="12355.545898" z="1437.495483" a="230.000000" />
				<pos x="12399.858398" z="14480.745117" a="100.000000" />
				<pos x="12400.011719" z="1460.434570" a="300.000000" />
				<pos x="12474.398438" z="14496.157227" a="240.000000" />
				<pos x="12506.779297" z="1504.921509" a="120.000000" />
				<pos x="12565.900391" z="1541.162231" a="330.000000" />
				<pos x="12615.778320" z="1557.080444" a="250.000000" />
				<pos x="12631.189453" z="14473.648438" a="140.000000" />
				<pos x="12642.636719" z="1573.361084" a="360.000000" />
				<pos x="12699.541992" z="1610.451416" a="260.000000" />
				<pos x="12701.455078" z="14445.394531" a="160.000000" />
				<pos x="12777.179688" z="14401.468750" a="0.000000" />
				<pos x="12792.001953" z="1653.347412" a="270.000000" />
				<pos x="12811.450195" z="1670.669556" a="180.000000" />
				<pos x="12837.823242" z="5532.761719" a="30.000000" />
				<pos x="12841.951172" z="14370.765625" a="280.000000" />
				<pos x="12923.597656" z="1796.510864" a="200.000000" />
				<pos x="12924.019531" z="14328.678711" a="60.000000" />
				<pos x="12939.153320" z="5330.275879" a="290.000000" />
				<pos x="12963.366211" z="1879.634033" a="220.000000" />
				<pos x="12992.125000" z="1990.605225" a="90.000000" />
				<pos x="12992.290039" z="2040.065430" a="300.000000" />
				<pos x="13009.416992" z="5312.973633" a="240.000000" />
				<pos x="13034.364258" z="5432.578125" a="120.000000" />
				<pos x="13037.619141" z="14278.783203" a="310.000000" />
				<pos x="13048.183594" z="5390.459961" a="260.000000" />
				<pos x="13096.982422" z="14261.743164" a="150.000000" />
				<pos x="13197.397461" z="14092.284180" a="320.000000" />
				<pos x="13204.782227" z="2335.335205" a="280.000000" />
				<pos x="13234.906250" z="2394.015625" a="180.000000" />
				<pos x="13274.043945" z="2448.426270" a="330.000000" />
				<pos x="13312.962891" z="13949.187500" a="300.000000" />
				<pos x="13322.841797" z="5420.121094" a="210.000000" />
				<pos x="13340.439453" z="2553.698730" a="340.000000" />
				<pos x="13342.886719" z="13837.452148" a="320.000000" />
				<pos x="13349.916992" z="3223.603516" a="240.000000" />
				<pos x="13359.388672" z="2591.456299" a="350.000000" />
				<pos x="13395.023438" z="2638.943848" a="340.000000" />
				<pos x="13411.769531" z="3137.034424" a="270.000000" />
				<pos x="13445.416016" z="5482.002930" a="360.000000" />
				<pos x="13449.874023" z="2700.887207" a="360.000000" />
				<pos x="13513.765625" z="5529.617676" a="300.000000" />
				<pos x="13524.546875" z="2820.107910" a="10.000000" />
				<pos x="13539.580078" z="5302.571777" a="20.000000" />
				<pos x="13556.724609" z="2973.803223" a="30.000000" />
				<pos x="13582.174805" z="5507.878906" a="20.000000" />
				<pos x="13585.465820" z="5367.652832" a="40.000000" />
				<pos x="13586.665039" z="5076.211426" a="60.000000" />
				<pos x="13613.731445" z="5182.834961" a="30.000000" />
		</event>
		<event name="StaticPoliceCar">
				<zone smin="1" smax="3" dmin="3" dmax="5" r="45" />
				<pos x="5087.616211" z="11550.746094" />
				<pos x="5359.115723" z="11763.601563" />
				<pos x="5452.058105" z="11972.333984" />
				<pos x="5503.776855" z="12296.973633" />
				<pos x="5550.606445" z="12140.325195" />
				<pos x="5941.047852" z="12814.844727" />
				<pos x="6509.632813" z="12863.014648" />
				<pos x="7301.309082" z="13457.677734" />
				<pos x="7446.472656" z="13487.640625" />
				<pos x="7622.298828" z="7059.931152" />
				<pos x="7766.469238" z="13514.145508" />
				<pos x="7841.837891" z="6781.645996" />
				<pos x="8293.608398" z="13678.558594" />
				<pos x="8564.516602" z="13749.224609" />
				<pos x="8760.667969" z="13715.090820" />
				<pos x="9620.451172" z="6512.584961" />
				<pos x="9667.525391" z="13520.657227" />
				<pos x="10086.761719" z="13483.274414" />
				<pos x="10204.233398" z="13432.213867" />
				<pos x="10527.741211" z="13476.737305" />
				<pos x="10759.258789" z="13434.041016" />
				<pos x="11032.071289" z="13305.066406" />
				<pos x="11055.463867" z="6009.787598" />
				<pos x="11123.208008" z="13158.150391" />
				<pos x="11381.273438" z="13120.663086" />
				<pos x="11491.936523" z="13111.786133" />
				<pos x="11607.697266" z="6470.357910" />
				<pos x="11677.379883" z="13058.225586" />
				<pos x="11777.187500" z="12963.984375" />
				<pos x="11881.128906" z="12979.447266" />
				<pos x="12107.098633" z="12943.111328" />
				<pos x="12274.013672" z="12762.627930" />
				<pos x="12381.472656" z="7937.399902" />
				<pos x="12513.014648" z="12691.377930" />
				<pos x="12578.685547" z="12610.665039" />
				<pos x="12658.682617" z="7529.000000" />
				<pos x="12769.415039" z="7070.620117" />
				<pos x="12823.022461" z="8102.112793" />
				<pos x="12878.475586" z="12485.786133" />
				<pos x="13058.125977" z="12412.816406" />
				<pos x="13119.085938" z="12203.470703" />
				<pos x="13240.538086" z="8008.787598" />
				<pos x="13309.420898" z="7976.480469" />
				<pos x="13423.153320" z="7892.308594" />
				<pos x="13597.916992" z="7881.452148" />
				<pos x="13801.219727" z="7939.502441" />
				<pos x="13888.415039" z="8309.158203" />
				<pos x="13888.687500" z="11778.646484" />
				<pos x="13993.743164" z="8066.450684" />
				<pos x="14072.210938" z="8413.946289" />
				<pos x="14135.677734" z="11831.672852" />
				<pos x="14243.446289" z="8498.279297" />
				<pos x="14291.280273" z="11337.434570" />
				<pos x="14303.656250" z="11504.031250" />
				<pos x="14330.326172" z="8666.920898" />
				<pos x="14357.333008" z="9264.652344" />
				<pos x="14357.891602" z="8889.788086" />
				<pos x="14365.759766" z="8690.689453" />
				<pos x="14402.041016" z="9034.193359" />
				<pos x="14420.041016" z="11202.107422" />
				<pos x="14480.909180" z="9846.554688" />
				<pos x="14501.459961" z="9347.219727" />
				<pos x="14528.938477" z="9594.101563" />
				<pos x="14534.022461" z="10072.450195" />
				<pos x="14546.329102" z="9953.616211" />
				<pos x="14552.119141" z="10354.228516" />
				<pos x="14577.851563" z="10913.232422" />
				<pos x="14597.663086" z="10828.402344" />
				<pos x="14635.328125" z="10493.228516" />
				<pos x="14646.645508" z="10723.094727" />
				<pos x="14702.221680" z="10645.434570" />
		</event>
		<event name="StaticScientist">
				<pos x="9392.776367" z="12157.154297" group="Scientist" />
				<pos x="9515.520508" z="11973.108398" group="Scientist" />
				<pos x="9516.291016" z="12139.930664" group="Scientist" />
				<pos x="9551.200195" z="12183.700195" group="Scientist" />
				<pos x="9623.140625" z="11836.563477" group="Scientist" />
				<pos x="9764.899414" z="11615.666016" group="Scientist" />
				<pos x="9832.439453" z="12157.994141" group="Scientist" />
				<pos x="9861.395508" z="11716.187500" group="Scientist" />
				<pos x="9921.446289" z="12315.841797" group="Scientist" />
				<pos x="9960.366211" z="11477.198242" group="Scientist" />
				<pos x="9980.073242" z="12528.035156" group="Scientist" />
				<pos x="10103.375977" z="12574.214844" group="Scientist" />
				<pos x="10110.078125" z="11576.271484" group="Scientist" />
				<pos x="10222.342773" z="12054.247070" group="Scientist" />
				<pos x="10224.406250" z="12196.837891" group="Scientist" />
				<pos x="10341.470703" z="12120.042969" group="Scientist" />
				<pos x="10390.632813" z="12430.000977" group="Scientist" />
				<pos x="10415.784180" z="11256.361328" group="Scientist" />
				<pos x="10418.304688" z="11441.500977" group="Scientist" />
				<pos x="10451.082031" z="11372.433594" group="Scientist" />
				<pos x="10473.443359" z="12077.573242" group="Scientist" />
				<pos x="10484.353516" z="11298.525391" group="Scientist" />
				<pos x="10521.225586" z="11172.044922" group="Scientist" />
				<pos x="10532.981445" z="11548.673828" group="Scientist" />
				<pos x="10572.350586" z="11068.409180" group="Scientist" />
				<pos x="10617.616211" z="12105.102539" group="Scientist" />
				<pos x="10777.466797" z="12158.927734" group="Scientist" />
		</event>
		<event name="TrajectoryConiferous" />
		<event name="TrajectoryDeciduous" />
		<event name="TrajectoryHumus" />
		<event name="TrajectoryStones" />
		<event name="TrajectoryCraterellus" />
		<event name="VehicleCivilianSedan">
				<pos x="5005.373535" z="8756.699219" />
				<pos x="5157.249512" z="9832.884766" />
				<pos x="5271.843262" z="10005.330078" />
				<pos x="5388.323730" z="10063.765625" />
				<pos x="5417.444336" z="8788.931641" />
				<pos x="5453.587891" z="10101.265625" />
				<pos x="5531.144043" z="11962.456055" />
				<pos x="5594.867188" z="9897.407227" />
				<pos x="5721.236328" z="11092.298828" />
				<pos x="5751.596680" z="10579.848633" />
				<pos x="5821.728027" z="10799.532227" />
				<pos x="6408.113770" z="12872.262695" />
				<pos x="7596.208984" z="7745.933594" />
				<pos x="7701.462402" z="7928.870117" />
				<pos x="7896.056641" z="7713.434570" />
				<pos x="9646.061523" z="13504.125977" />
				<pos x="9723.050781" z="13563.066406" />
				<pos x="10387.180664" z="13367.263672" />
				<pos x="10423.950195" z="6323.722656" />
				<pos x="10641.791992" z="6635.591797" />
				<pos x="10941.689453" z="6346.565918" />
				<pos x="10948.046875" z="6253.876953" />
				<pos x="12406.127930" z="12681.255859" />
				<pos x="12825.866211" z="7351.353516" />
				<pos x="12862.417969" z="7563.074219" />
				<pos x="13246.247070" z="12070.546875" />
				<pos x="13903.677734" z="11774.698242" />
		</event>
		<event name="VehicleHatchback02">
				<pos x="4291.929199" z="8402.689453" />
				<pos x="4432.398926" z="8466.940430" />
				<pos x="5052.497070" z="8728.073242" />
				<pos x="5116.542969" z="8669.852539" />
				<pos x="5117.307617" z="8718.180664" />
				<pos x="5172.779785" z="11346.340820" />
				<pos x="5188.068848" z="9889.369141" />
				<pos x="5271.857422" z="10116.179688" />
				<pos x="5320.576660" z="11166.457031" />
				<pos x="5394.821777" z="9999.225586" />
				<pos x="5430.611328" z="9246.109375" />
				<pos x="5488.118164" z="11909.166016" />
				<pos x="5497.140625" z="11164.876953" />
				<pos x="5604.380859" z="11456.942383" />
				<pos x="5638.784180" z="11061.190430" />
				<pos x="5644.591797" z="12564.555664" />
				<pos x="5650.455078" z="11152.186523" />
				<pos x="5860.384766" z="10714.012695" />
				<pos x="5956.677246" z="7796.230469" />
				<pos x="6060.709473" z="7397.628418" />
				<pos x="6084.098145" z="9582.468750" />
				<pos x="6098.590820" z="11153.217773" />
				<pos x="6123.979492" z="7334.938477" />
				<pos x="6215.846191" z="10397.185547" />
				<pos x="6332.871582" z="12796.625977" />
				<pos x="6462.573242" z="11218.259766" />
				<pos x="6485.025879" z="11033.647461" />
				<pos x="6881.570801" z="13365.011719" />
				<pos x="7820.551758" z="10726.683594" />
				<pos x="7907.494629" z="13517.092773" />
				<pos x="8083.656738" z="9817.507813" />
				<pos x="8427.878906" z="13723.160156" />
				<pos x="8842.571289" z="10001.888672" />
				<pos x="8881.710938" z="13686.711914" />
				<pos x="9454.660156" z="13583.483398" />
				<pos x="9614.324219" z="13368.225586" />
				<pos x="9789.298828" z="9877.425781" />
				<pos x="10106.790039" z="9832.469727" />
				<pos x="10398.059570" z="13248.968750" />
				<pos x="10422.147461" z="13395.950195" />
				<pos x="10915.247070" z="9714.689453" />
				<pos x="10937.124023" z="6155.906738" />
				<pos x="10940.487305" z="6328.530273" />
				<pos x="10973.561523" z="9765.386719" />
				<pos x="10990.125000" z="13309.101563" />
				<pos x="10993.329102" z="13111.594727" />
				<pos x="12378.341797" z="12783.248047" />
				<pos x="12379.631836" z="7982.764648" />
				<pos x="12519.499023" z="7839.565430" />
				<pos x="12779.034180" z="7267.455078" />
				<pos x="12792.917969" z="7358.280762" />
				<pos x="12798.153320" z="7389.049316" />
				<pos x="12856.226563" z="7433.472656" />
				<pos x="12932.945313" z="7391.303711" />
				<pos x="12980.246094" z="11551.855469" />
				<pos x="13977.247070" z="8291.352539" />
				<pos x="13989.496094" z="8323.958008" />
				<pos x="14256.247070" z="11604.906250" />
				<pos x="14352.491211" z="8914.426758" />
				<pos x="14376.652344" z="8869.631836" />
		</event>
		<event name="VehicleOffroadHatchback">
				<pos x="4236.462402" z="8405.367188" />
				<pos x="4871.520996" z="9787.790039" />
				<pos x="14605.188477" z="10961.873047" />
				<pos x="13219.272461" z="7555.992188" />
				<pos x="13430.302734" z="11394.965820" />
				<pos x="14628.669922" z="9697.275391" />
				<pos x="5489.727051" z="9866.180664" />
				<pos x="5540.602051" z="9973.566406" />
				<pos x="13989.530273" z="8280.772461" />
				<pos x="14617.757813" z="10985.838867" />
				<pos x="12800.622070" z="7425.800293" />
				<pos x="12801.325195" z="7268.341309" />
				<pos x="12825.221680" z="7341.795410" />
				<pos x="9446.973633" z="13587.476563" />
				<pos x="6009.830078" z="10564.792969" />
				<pos x="9412.999023" z="13106.514648" />
				<pos x="6058.755371" z="11063.145508" />
				<pos x="10898.060547" z="13242.701172" />
				<pos x="10989.990234" z="13092.204102" />
				<pos x="6295.276367" z="7267.944336" />
				<pos x="6780.960938" z="13375.902344" />
				<pos x="11411.795898" z="6200.781250" />
				<pos x="6734.854004" z="12743.810547" />
				<pos x="11712.584961" z="13007.664063" />
				<pos x="12918.641602" z="11229.903320" />
				<pos x="12979.391602" z="11569.765625" />
				<pos x="13190.022461" z="11696.977539" />
				<pos x="9720.461914" z="13354.495117" />
				<pos x="10401.129883" z="6362.938965" />
				<pos x="5699.786621" z="10062.357422" />
				<pos x="9925.905273" z="6514.241211" />
				<pos x="10351.873047" z="13283.708984" />
				<pos x="5750.609863" z="9302.391602" />
				<pos x="7471.700195" z="13470.021484" />
				<pos x="7671.344727" z="10568.843750" />
		</event>
		<event name="VehicleSedan02">
				<pos x="4918.116699" z="11310.585938" />
				<pos x="4972.708984" z="11328.362305" />
				<pos x="5077.316895" z="8627.128906" />
				<pos x="5179.467285" z="8679.331055" />
				<pos x="5190.137207" z="8621.532227" />
				<pos x="5351.878418" z="9809.041016" />
				<pos x="5419.829102" z="7967.965820" />
				<pos x="5471.613770" z="11920.934570" />
				<pos x="5543.726563" z="11111.310547" />
				<pos x="5617.195313" z="10208.256836" />
				<pos x="5647.146484" z="12506.047852" />
				<pos x="5653.574707" z="11229.557617" />
				<pos x="5718.279785" z="10163.416016" />
				<pos x="5762.297363" z="10578.161133" />
				<pos x="5788.655273" z="12657.602539" />
				<pos x="5892.813965" z="10597.289063" />
				<pos x="5960.100098" z="10645.072266" />
				<pos x="6201.666992" z="7291.058594" />
				<pos x="6231.548828" z="12787.708008" />
				<pos x="6964.473633" z="13369.594727" />
				<pos x="6985.537598" z="7597.869141" />
				<pos x="7639.893066" z="7801.347656" />
				<pos x="7783.737305" z="7730.280762" />
				<pos x="7807.139160" z="7758.449219" />
				<pos x="7898.673828" z="13471.519531" />
				<pos x="8049.818848" z="13548.363281" />
				<pos x="8464.378906" z="13659.408203" />
				<pos x="8779.689453" z="6663.380859" />
				<pos x="8817.220703" z="6640.637207" />
				<pos x="9408.221680" z="13475.529297" />
				<pos x="9642.719727" z="6544.592773" />
				<pos x="10773.545898" z="6346.694824" />
				<pos x="10894.439453" z="6306.541504" />
				<pos x="11309.868164" z="5911.923828" />
				<pos x="11427.934570" z="6202.679688" />
				<pos x="11482.819336" z="6320.000000" />
				<pos x="12410.299805" z="12703.075195" />
				<pos x="12723.824219" z="7611.241699" />
				<pos x="13557.033203" z="8382.460938" />
				<pos x="13872.329102" z="8351.499023" />
				<pos x="13918.617188" z="8303.367188" />
				<pos x="14321.650391" z="11605.359375" />
				<pos x="14356.496094" z="8943.774414" />
				<pos x="14361.342773" z="9584.329102" />
				<pos x="14545.914063" z="9830.245117" />
				<pos x="14614.757813" z="10957.403320" />
				<pos x="14713.448242" z="10637.772461" />
		</event>
		<event name="VehicleBoat">
				<pos x="4281.681641" z="8735.080078" />
				<pos x="4422.042480" z="8072.028809" />
				<pos x="4603.382324" z="10536.036133" />
				<pos x="4610.689453" z="8303.295898" />
				<pos x="4668.934082" z="10055.465820" />
				<pos x="4714.240234" z="9616.249023" />
				<pos x="4772.883789" z="11129.266602" />
				<pos x="4799.854492" z="9793.689453" />
				<pos x="4841.625977" z="8516.185547" />
				<pos x="5026.990234" z="11572.301758" />
				<pos x="5079.600586" z="11052.920898" />
				<pos x="5098.290039" z="11037.680664" />
				<pos x="5175.740234" z="10307.332031" />
				<pos x="5212.514160" z="10310.588867" />
				<pos x="5329.916016" z="8048.217285" />
				<pos x="5376.482910" z="7580.098633" />
				<pos x="5408.175293" z="10887.717773" />
				<pos x="5417.142090" z="11972.350586" />
				<pos x="5466.825684" z="10328.361328" />
				<pos x="5543.166016" z="10456.905273" />
				<pos x="5547.328125" z="12518.714844" />
				<pos x="5606.121094" z="12633.150391" />
				<pos x="5702.023438" z="7369.045410" />
				<pos x="5863.152344" z="12811.795898" />
				<pos x="6031.184570" z="7184.304199" />
				<pos x="6252.190918" z="12893.863281" />
				<pos x="6424.685059" z="13066.409180" />
				<pos x="6688.398438" z="13447.413086" />
				<pos x="6743.685059" z="6873.288086" />
				<pos x="7160.328125" z="13471.813477" />
				<pos x="7420.990723" z="13517.327148" />
				<pos x="8402.235352" z="13794.933594" />
				<pos x="9832.852539" z="13634.560547" />
				<pos x="10435.896484" z="6084.971191" />
				<pos x="10711.193359" z="6275.347168" />
				<pos x="10870.884766" z="6111.023926" />
				<pos x="11019.017578" z="5941.148438" />
				<pos x="11354.954102" z="5847.581543" />
				<pos x="11410.712891" z="5947.932617" />
				<pos x="11763.348633" z="6535.107422" />
				<pos x="11764.947266" z="13137.680664" />
				<pos x="12219.770508" z="6564.361328" />
				<pos x="12247.574219" z="6548.472656" />
				<pos x="12428.032227" z="12792.379883" />
				<pos x="12788.806641" z="12590.875000" />
				<pos x="12852.506836" z="7105.381836" />
				<pos x="12880.739258" z="7258.007813" />
				<pos x="12889.975586" z="6790.146973" />
				<pos x="13027.616211" z="7407.614746" />
				<pos x="13199.349609" z="7448.636230" />
				<pos x="13337.554688" z="7431.234863" />
				<pos x="13396.150391" z="12333.272461" />
				<pos x="13499.691406" z="7352.569824" />
				<pos x="13705.313477" z="7393.852051" />
				<pos x="13732.062500" z="7638.635742" />
				<pos x="13736.771484" z="7511.051270" />
				<pos x="13769.566406" z="7775.508789" />
				<pos x="14031.946289" z="8249.969727" />
				<pos x="14135.503906" z="7897.623535" />
				<pos x="14339.553711" z="11674.457031" />
				<pos x="14475.410156" z="8819.333008" />
				<pos x="14514.233398" z="9072.921875" />
				<pos x="14532.388672" z="8916.135742" />
		</event>
		<event name="VehicleMilitaryBoat">
				<pos x="719.036987" z="7469.014648" />
				<pos x="782.047607" z="7700.971680" />
				<pos x="831.927979" z="7797.279785" />
				<pos x="907.974976" z="7818.982422" />
				<pos x="1502.671997" z="6962.845703" />
				<pos x="1629.568237" z="6354.857910" />
				<pos x="1689.142944" z="6045.479492" />
				<pos x="2116.079834" z="5849.389648" />
				<pos x="2360.851807" z="9096.790039" />
				<pos x="2432.078613" z="5599.106445" />
				<pos x="2472.989502" z="8074.033203" />
				<pos x="2657.875000" z="9382.988281" />
				<pos x="2679.538330" z="7579.968750" />
				<pos x="3102.538330" z="5468.399902" />
				<pos x="3155.976318" z="7413.016602" />
				<pos x="3480.709229" z="6817.770508" />
				<pos x="3488.943359" z="8998.118164" />
				<pos x="3729.498535" z="6641.027344" />
				<pos x="3992.806885" z="5439.833008" />
				<pos x="4041.137695" z="6472.009277" />
				<pos x="4386.247559" z="5132.942871" />
				<pos x="4434.826172" z="4094.270508" />
				<pos x="4912.508301" z="3798.154785" />
				<pos x="4986.981445" z="5327.390137" />
				<pos x="5538.045410" z="5029.942871" />
				<pos x="5589.884766" z="3514.236084" />
				<pos x="5690.760742" z="4044.993896" />
				<pos x="5718.223633" z="3285.896240" />
				<pos x="5742.909180" z="3342.944580" />
				<pos x="5798.523926" z="4066.965332" />
				<pos x="6127.462402" z="4858.003906" />
				<pos x="6736.617188" z="3917.072754" />
				<pos x="6866.838867" z="4605.448730" />
				<pos x="7224.752441" z="4256.284180" />
		</event>
		<event name="VehicleTruck01">
				<pos x="2677.658936" z="9220.507813" />
				<pos x="2851.894287" z="7326.433105" />
				<pos x="4903.541992" z="11235.449219" />
				<pos x="5309.683105" z="11153.180664" />
				<pos x="5484.861816" z="4023.925293" />
				<pos x="5525.709473" z="11980.961914" />
				<pos x="5717.910156" z="10736.239258" />
				<pos x="5766.454102" z="9283.922852" />
				<pos x="7142.389160" z="8062.265137" />
				<pos x="7305.205078" z="8027.435059" />
				<pos x="7375.967285" z="7912.946777" />
				<pos x="7446.675293" z="7795.111328" />
				<pos x="7464.379883" z="7901.309082" />
				<pos x="7995.186523" z="9630.041016" />
				<pos x="8279.559570" z="10237.034180" />
				<pos x="8457.382813" z="10320.307617" />
				<pos x="8818.909180" z="10388.967773" />
				<pos x="9026.778320" z="13764.346680" />
				<pos x="9290.264648" z="13686.428711" />
				<pos x="10378.817383" z="7905.963867" />
				<pos x="11096.326172" z="9466.292969" />
				<pos x="12938.539063" z="7380.598145" />
				<pos x="13436.269531" z="12204.394531" />
				<pos x="13637.857422" z="11797.294922" />
				<pos x="13922.100586" z="11941.990234" />
		</event>
		<event name="StaticSantaCrash">
				<zone smin="1" smax="1" dmin="1" dmax="1" r="45" />
				<pos x="1988.116089" z="6770.266602" a="0.000000" />
				<pos x="2017.039307" z="7859.312012" a="0.000000" />
				<pos x="2540.880127" z="6471.142578" a="0.000000" />
				<pos x="2702.496338" z="8771.404297" a="0.000000" />
				<pos x="3462.158447" z="6361.661621" a="0.000000" />
				<pos x="4493.392578" z="5330.551758" a="0.000000" />
				<pos x="4955.216309" z="4625.998535" a="0.000000" />
				<pos x="5184.539551" z="3872.303711" a="0.000000" />
				<pos x="5547.871582" z="4721.733887" a="0.000000" />
				<pos x="6060.625000" z="8160.312988" a="0.000000" />
				<pos x="6820.638184" z="12485.897461" a="0.000000" />
				<pos x="7040.128906" z="8252.781250" a="0.000000" />
				<pos x="7583.277344" z="12782.800781" a="0.000000" />
				<pos x="8009.477051" z="9769.188477" a="0.000000" />
				<pos x="8079.272949" z="8564.264648" a="0.000000" />
				<pos x="8339.665039" z="12371.258789" a="0.000000" />
				<pos x="8428.820313" z="10068.541992" a="0.000000" />
				<pos x="8562.185547" z="10627.354492" a="0.000000" />
				<pos x="8846.043945" z="10649.396484" a="0.000000" />
				<pos x="8986.623047" z="11512.585938" a="0.000000" />
				<pos x="8996.573242" z="10996.742188" a="0.000000" />
				<pos x="9088.276367" z="7213.931641" a="0.000000" />
				<pos x="9233.581055" z="10645.974609" a="0.000000" />
				<pos x="9314.806641" z="8533.011719" a="0.000000" />
				<pos x="9390.167969" z="11185.861328" a="0.000000" />
				<pos x="9606.037109" z="11498.831055" a="0.000000" />
				<pos x="9674.192383" z="7072.880859" a="0.000000" />
				<pos x="9917.022461" z="7871.696777" a="0.000000" />
				<pos x="10228.042969" z="6905.507324" a="0.000000" />
				<pos x="10650.417969" z="8049.804688" a="0.000000" />
				<pos x="11029.172852" z="7394.845703" a="0.000000" />
				<pos x="11233.225586" z="9649.720703" a="0.000000" />
				<pos x="11426.927734" z="11534.938477" a="0.000000" />
				<pos x="11700.643555" z="10241.205078" a="0.000000" />
				<pos x="11922.599609" z="11125.367188" a="0.000000" />
				<pos x="12058.917969" z="7437.596680" a="0.000000" />
				<pos x="12232.565430" z="10299.249023" a="0.000000" />
				<pos x="12604.427734" z="6756.204102" a="0.000000" />
		</event>
		<event name="StaticChristmasTree">
				<pos x="2640.943359" z="6008.013672" />
				<pos x="5114.890137" z="8662.177734" />
				<pos x="5242.131836" z="4560.747559" />
				<pos x="5298.065918" z="10023.126953" />
				<pos x="5769.959473" z="10902.460938" />
				<pos x="6144.550781" z="7322.921875" />
				<pos x="6515.096680" z="12851.182617" />
				<pos x="7555.824707" z="10569.069336" />
				<pos x="7733.808105" z="7940.724121" />
				<pos x="8347.410156" z="10269.100586" />
				<pos x="8392.992188" z="13670.033203" />
				<pos x="8893.788086" z="10005.984375" />
				<pos x="9519.492188" z="13371.794922" />
				<pos x="9660.808594" z="13515.394531" />
				<pos x="10009.125000" z="9844.593750" />
				<pos x="10431.269531" z="13280.366211" />
				<pos x="10874.779297" z="6260.954102" />
				<pos x="10919.864258" z="9771.231445" />
				<pos x="11025.012695" z="7950.893066" />
				<pos x="12468.367188" z="12674.019531" />
				<pos x="12935.861328" z="7428.904297" />
				<pos x="13231.721680" z="12110.850586" />
				<pos x="13972.614258" z="8197.607422" />
				<pos x="14005.107422" z="8327.016602" />
				<pos x="14584.670898" z="10987.697266" />
		</event>
		<event name="StaticHeliCrash">
				<zone smin="1" smax="3" dmin="3" dmax="5" r="45" />
				<pos x="1997.060669" z="7851.792480" a="0.000000" />
				<pos x="2217.041016" z="3918.241699" a="0.000000" />
				<pos x="2313.680176" z="4414.816895" a="0.000000" />
				<pos x="2339.555664" z="3461.372559" a="0.000000" />
				<pos x="2391.654785" z="7228.161621" a="0.000000" />
				<pos x="2692.771484" z="6509.759766" a="0.000000" />
				<pos x="2813.191895" z="3611.195557" a="0.000000" />
				<pos x="3083.543945" z="6396.798340" a="0.000000" />
				<pos x="3203.280273" z="3391.680420" a="0.000000" />
				<pos x="3346.897705" z="2492.767822" a="0.000000" />
				<pos x="3530.174805" z="5861.992188" a="0.000000" />
				<pos x="3628.227295" z="2856.598145" a="0.000000" />
				<pos x="3821.057861" z="6237.277344" a="0.000000" />
				<pos x="4736.656738" z="5011.527832" a="0.000000" />
				<pos x="4938.329590" z="4092.677979" a="0.000000" />
				<pos x="4965.896973" z="4567.523438" a="0.000000" />
				<pos x="5229.709961" z="8969.891602" a="0.000000" />
				<pos x="5509.865234" z="7878.372070" a="0.000000" />
				<pos x="5675.660156" z="4551.547852" a="0.000000" />
				<pos x="5781.249512" z="7579.420410" a="0.000000" />
				<pos x="5986.092285" z="7695.911133" a="0.000000" />
				<pos x="5988.269043" z="4442.233887" a="0.000000" />
				<pos x="6193.526855" z="6267.223633" a="0.000000" />
				<pos x="6250.921387" z="6833.558594" a="0.000000" />
				<pos x="6298.260742" z="4379.566895" a="0.000000" />
				<pos x="6508.230957" z="6213.909180" a="0.000000" />
				<pos x="7009.262207" z="8257.009766" a="0.000000" />
				<pos x="7140.842773" z="7507.178711" a="0.000000" />
				<pos x="7203.227539" z="7200.741699" a="0.000000" />
				<pos x="8700.180664" z="5238.550781" a="0.000000" />
				<pos x="8979.001953" z="6636.166016" a="0.000000" />
		</event>
		<event name="StaticBonfire">
				<zone smin="1" smax="3" dmin="3" dmax="5" r="45" />
				<pos x="2016.654175" z="7837.056152" />
				<pos x="2924.952393" z="6726.822754" />
				<pos x="4781.448730" z="8602.995117" />
				<pos x="4905.640137" z="9833.680664" />
				<pos x="4926.241699" z="4534.401855" />
				<pos x="5744.084473" z="11161.178711" />
				<pos x="5880.762695" z="4438.244629" />
				<pos x="5905.365234" z="7620.853516" />
				<pos x="6588.347168" z="12755.753906" />
				<pos x="8097.020996" z="7606.067871" />
				<pos x="8114.817383" z="9457.186523" />
				<pos x="8283.914063" z="11986.568359" />
				<pos x="8917.156250" z="10574.035156" />
				<pos x="9322.318359" z="13336.730469" />
				<pos x="9795.319336" z="6523.707520" />
				<pos x="10065.164063" z="9796.752930" />
				<pos x="10131.829102" z="13475.464844" />
				<pos x="10785.588867" z="6478.374512" />
				<pos x="10938.772461" z="9552.189453" />
				<pos x="12244.792969" z="12784.936523" />
				<pos x="13192.126953" z="12121.520508" />
				<pos x="13281.927734" z="7511.570801" />
				<pos x="14261.067383" z="11512.094727" />
				<pos x="14274.783203" z="8863.347656" />
				<pos x="14405.760742" z="9614.504883" />
		</event>
		<event name="StaticAmbulance">
				<zone smin="1" smax="3" dmin="3" dmax="5" r="45" />
				<pos x="5902.097656" z="7644.733887" a="-30.000000" />
				<pos x="4987.492188" z="8811.291992" a="90.000000" />
				<pos x="7838.789063" z="13514.995117" a="-115.000000" />
				<pos x="7878.806641" z="6793.236816" a="30.000000" />
				<pos x="8000.054199" z="10025.175781" a="-50.000000" />
				<pos x="14580.788086" z="10985.405273" a="-70.000000" />
				<pos x="8155.711426" z="9077.209961" a="-90.000000" />
				<pos x="8295.836914" z="6834.940918" a="70.000000" />
				<pos x="8946.168945" z="11546.099609" a="50.000000" />
				<pos x="9212.107422" z="9867.091797" a="60.000000" />
				<pos x="9653.802734" z="9882.304688" a="-5.000000" />
				<pos x="10366.183594" z="6365.665527" a="-135.000000" />
				<pos x="10599.854492" z="13471.492188" a="-40.000000" />
				<pos x="10789.922852" z="6565.690430" a="-90.000000" />
				<pos x="10961.657227" z="8004.846680" a="-45.000000" />
				<pos x="11022.439453" z="9556.152344" a="15.000000" />
				<pos x="11082.093750" z="9722.735352" a="135.000000" />
				<pos x="11166.225586" z="13153.137695" a="95.000000" />
				<pos x="12473.812500" z="12682.921875" a="-40.000000" />
				<pos x="14018.302734" z="8432.798828" a="135.000000" />
				<pos x="14420.458984" z="9287.303711" a="-50.000000" />
				<pos x="4443.978516" z="8452.973633" a="0.000000" />
				<pos x="4859.113770" z="9821.299805" a="0.000000" />
				<pos x="5547.334961" z="12476.666016" a="0.000000" />
				<pos x="6579.572754" z="11195.264648" a="0.000000" />
				<pos x="6878.673828" z="8316.817383" a="0.000000" />
				<pos x="7871.682129" z="7680.343262" a="0.000000" />
				<pos x="7938.097168" z="13570.557617" a="0.000000" />
				<pos x="8093.104004" z="8797.229492" a="0.000000" />
				<pos x="8222.893555" z="8688.513672" a="0.000000" />
				<pos x="8405.776367" z="9278.302734" a="0.000000" />
				<pos x="8463.640625" z="13453.990234" a="0.000000" />
				<pos x="8517.323242" z="13672.842773" a="0.000000" />
				<pos x="9017.606445" z="11301.177734" a="0.000000" />
				<pos x="11607.578125" z="6467.458984" a="0.000000" />
				<pos x="12201.136719" z="8188.230957" a="0.000000" />
				<pos x="12236.108398" z="6740.620605" a="0.000000" />
				<pos x="12475.166016" z="8014.671875" a="0.000000" />
				<pos x="13406.097656" z="7743.290527" a="0.000000" />
				<pos x="14240.368164" z="11540.899414" a="0.000000" />
				<pos x="14477.915039" z="9635.303711" a="0.000000" />
				<pos x="14548.412109" z="10011.332031" a="0.000000" />
				<pos x="14686.965820" z="10698.474609" a="0.000000" />
		</event>
</eventposdef>
